code_Postal,code_INS,nom,code_région,région 
1000,21004,BRUXELLES,3,Bruxelles
1020,21004,BRUXELLES,3,Bruxelles
1030,21015,SCHAERBEEK,3,Bruxelles
1040,21005,ETTERBEEK,3,Bruxelles
1041,21004,BRUXELLES,3,Bruxelles
1041,21004,BRUXELLES,3,Bruxelles
1050,21009,IXELLES,3,Bruxelles
1051,21004,BRUXELLES,3,Bruxelles
1051,21004,BRUXELLES,3,Bruxelles
1060,21013,SAINT-GILLES,3,Bruxelles
1070,21001,ANDERLECHT,3,Bruxelles
1071,21004,BRUXELLES,3,Bruxelles
1071,21004,BRUXELLES,3,Bruxelles
1080,21012,MOLENBEEK-SAINT-JEAN,3,Bruxelles
1081,21011,KOEKELBERG,3,Bruxelles
1082,21003,BERCHEM-SAINTE-AGATHE,3,Bruxelles
1083,21008,GANSHOREN,3,Bruxelles
1090,21010,JETTE,3,Bruxelles
1110,21010,JETTE,3,Bruxelles
1120,21004,BRUXELLES,3,Bruxelles
1130,21004,BRUXELLES,3,Bruxelles
1140,21006,EVERE,3,Bruxelles
1150,21019,WOLUWE-SAINT-PIERRE,3,Bruxelles
1160,21002,AUDERGHEM,3,Bruxelles
1170,21017,WATERMAEL-BOITSFORT,3,Bruxelles
1180,21016,UCCLE,3,Bruxelles
1190,21007,FOREST,3,Bruxelles
1200,21018,WOLUWE-SAINT-LAMBERT,3,Bruxelles
1210,21014,SAINT-JOSSE-TEN-NOODE,3,Bruxelles
1300,25112,WAVRE,2,Wallonie
1301,25112,WAVRE,2,Wallonie
1310,25050,LA HULPE,2,Wallonie
1315,25043,INCOURT,2,Wallonie
1320,25005,BEAUVECHAIN,2,Wallonie
1325,25018,CHAUMONT-GISTOUX,2,Wallonie
1330,25091,RIXENSART,2,Wallonie
1331,25091,RIXENSART,2,Wallonie
1332,25091,RIXENSART,2,Wallonie
1340,25121,OTTIGNIES-LOUVAIN-LA-NEUVE,2,Wallonie
1341,25121,OTTIGNIES-LOUVAIN-LA-NEUVE,2,Wallonie
1342,25121,OTTIGNIES-LOUVAIN-LA-NEUVE,2,Wallonie
1348,25121,OTTIGNIES-LOUVAIN-LA-NEUVE,2,Wallonie
1350,25120,ORP-JAUCHE,2,Wallonie
1357,25118,HELECINE,2,Wallonie
1360,25084,PERWEZ,2,Wallonie
1367,25122,RAMILLIES,2,Wallonie
1370,25048,JODOIGNE,2,Wallonie
1380,25119,LASNE,2,Wallonie
1390,25037,GREZ-DOICEAU,2,Wallonie
1400,25072,NIVELLES,2,Wallonie
1401,25072,NIVELLES,2,Wallonie
1402,25072,NIVELLES,2,Wallonie
1404,25072,NIVELLES,2,Wallonie
1410,25110,WATERLOO,2,Wallonie
1420,25014,BRAINE-L£ALLEUD,2,Wallonie
1421,25014,BRAINE-L£ALLEUD,2,Wallonie
1428,25014,BRAINE-L£ALLEUD,2,Wallonie
1430,25123,REBECQ,2,Wallonie
1435,25068,MONT-SAINT-GUIBERT,2,Wallonie
1440,25015,BRAINE-LE-CHATEAU,2,Wallonie
1450,25117,CHASTRE,2,Wallonie
1457,25124,WALHAIN,2,Wallonie
1460,25044,ITTRE,2,Wallonie
1461,25044,ITTRE,2,Wallonie
1470,25031,GENAPPE,2,Wallonie
1471,25031,GENAPPE,2,Wallonie
1472,25031,GENAPPE,2,Wallonie
1473,25031,GENAPPE,2,Wallonie
1474,25031,GENAPPE,2,Wallonie
1476,25031,GENAPPE,2,Wallonie
1480,25105,TUBIZE,2,Wallonie
1490,25023,COURT-SAINT-ETIENNE,2,Wallonie
1495,25107,VILLERS-LA-VILLE,2,Wallonie
1500,23027,HAL,1,Flandre
1501,23027,HAL,1,Flandre
1502,23027,HAL,1,Flandre
1540,23032,HERNE,1,Flandre
1541,23032,HERNE,1,Flandre
1547,23009,BIEVENE,1,Flandre
1560,23033,HOEILAART,1,Flandre
1570,23023,GAMMERAGES,1,Flandre
1600,23077,SINT-PIETERS-LEEUW,1,Flandre
1601,23077,SINT-PIETERS-LEEUW,1,Flandre
1602,23077,SINT-PIETERS-LEEUW,1,Flandre
1620,23098,DROGENBOS,1,Flandre
1630,23100,LINKEBEEK,1,Flandre
1640,23101,RHODE-SAINT-GENESE,1,Flandre
1650,23003,BEERSEL,1,Flandre
1651,23003,BEERSEL,1,Flandre
1652,23003,BEERSEL,1,Flandre
1653,23003,BEERSEL,1,Flandre
1654,23003,BEERSEL,1,Flandre
1670,23064,PEPINGEN,1,Flandre
1671,23064,PEPINGEN,1,Flandre
1673,23064,PEPINGEN,1,Flandre
1674,23064,PEPINGEN,1,Flandre
1700,23016,DILBEEK,1,Flandre
1701,23016,DILBEEK,1,Flandre
1702,23016,DILBEEK,1,Flandre
1703,23016,DILBEEK,1,Flandre
1730,23002,ASSE,1,Flandre
1731,23002,ASSE,1,Flandre
1740,23086,TERNAT,1,Flandre
1741,23086,TERNAT,1,Flandre
1742,23086,TERNAT,1,Flandre
1745,23060,OPWIJK,1,Flandre
1750,23104,LENNIK,1,Flandre
1755,23024,GOOIK,1,Flandre
1760,23097,ROOSDAAL,1,Flandre
1761,23097,ROOSDAAL,1,Flandre
1770,23044,LIEDEKERKE,1,Flandre
1780,23102,WEMMEL,1,Flandre
1785,23052,MERCHTEM,1,Flandre
1790,23105,AFFLIGEM,1,Flandre
1800,23088,VILVORDE,1,Flandre
1804,23088,VILVORDE,1,Flandre
1820,23081,STEENOKKERZEEL,1,Flandre
1830,23047,MACHELEN,1,Flandre
1831,23047,MACHELEN,1,Flandre
1840,23045,LONDERZEEL,1,Flandre
1850,23025,GRIMBERGEN,1,Flandre
1851,23025,GRIMBERGEN,1,Flandre
1852,23025,GRIMBERGEN,1,Flandre
1853,23025,GRIMBERGEN,1,Flandre
1860,23050,MEISE,1,Flandre
1861,23050,MEISE,1,Flandre
1880,23039,KAPELLE-OP-DEN-BOS,1,Flandre
1910,23038,KAMPENHOUT,1,Flandre
1930,23094,ZAVENTEM,1,Flandre
1931,23094,ZAVENTEM,1,Flandre
1932,23094,ZAVENTEM,1,Flandre
1933,23094,ZAVENTEM,1,Flandre
1934,23094,ZAVENTEM,1,Flandre
1950,23099,KRAAINEM,1,Flandre
1970,23103,WEZEMBEEK-OPPEM,1,Flandre
1980,23096,ZEMST,1,Flandre
1981,23096,ZEMST,1,Flandre
1982,23096,ZEMST,1,Flandre
2000,11002,ANVERS,1,Flandre
2018,11002,ANVERS,1,Flandre
2020,11002,ANVERS,1,Flandre
2030,11002,ANVERS,1,Flandre
2040,11002,ANVERS,1,Flandre
2050,11002,ANVERS,1,Flandre
2060,11002,ANVERS,1,Flandre
2070,11056,ZWIJNDRECHT,1,Flandre
2100,11002,ANVERS,1,Flandre
2110,11050,WIJNEGEM,1,Flandre
2140,11002,ANVERS,1,Flandre
2150,11007,BORSBEEK,1,Flandre
2160,11052,WOMMELGEM,1,Flandre
2170,11002,ANVERS,1,Flandre
2180,11002,ANVERS,1,Flandre
2200,13011,HERENTALS,1,Flandre
2220,12014,HEIST-OP-DEN-BERG,1,Flandre
2221,12014,HEIST-OP-DEN-BERG,1,Flandre
2222,12014,HEIST-OP-DEN-BERG,1,Flandre
2223,12014,HEIST-OP-DEN-BERG,1,Flandre
2230,13013,HERSELT,1,Flandre
2235,13016,HULSHOUT,1,Flandre
2240,11054,ZANDHOVEN,1,Flandre
2242,11054,ZANDHOVEN,1,Flandre
2243,11054,ZANDHOVEN,1,Flandre
2250,13029,OLEN,1,Flandre
2260,13049,WESTERLO,1,Flandre
2270,13012,HERENTHOUT,1,Flandre
2275,13019,LILLE,1,Flandre
2280,13010,GROBBENDONK,1,Flandre
2288,13010,GROBBENDONK,1,Flandre
2290,13044,VORSELAAR,1,Flandre
2300,13040,TURNHOUT,1,Flandre
2310,13037,RIJKEVORSEL,1,Flandre
2320,13014,HOOGSTRATEN,1,Flandre
2321,13014,HOOGSTRATEN,1,Flandre
2322,13014,HOOGSTRATEN,1,Flandre
2323,13014,HOOGSTRATEN,1,Flandre
2328,13014,HOOGSTRATEN,1,Flandre
2330,13023,MERKSPLAS,1,Flandre
2340,13004,BEERSE,1,Flandre
2350,13046,VOSSELAAR,1,Flandre
2360,13031,OUD-TURNHOUT,1,Flandre
2370,13001,ARENDONK,1,Flandre
2380,13035,RAVELS,1,Flandre
2381,13035,RAVELS,1,Flandre
2382,13035,RAVELS,1,Flandre
2387,13002,BAERLE-DUC,1,Flandre
2390,11057,MALLE,1,Flandre
2400,13025,MOL,1,Flandre
2430,13053,LAAKDAL,1,Flandre
2431,13053,LAAKDAL,1,Flandre
2440,13008,GEEL,1,Flandre
2450,13021,MEERHOUT,1,Flandre
2460,13017,KASTERLEE,1,Flandre
2470,13036,RETIE,1,Flandre
2480,13006,DESSEL,1,Flandre
2490,13003,BALEN,1,Flandre
2491,13003,BALEN,1,Flandre
2500,12021,LIERRE,1,Flandre
2520,11035,RANST,1,Flandre
2530,11004,BOECHOUT,1,Flandre
2531,11004,BOECHOUT,1,Flandre
2540,11021,HOVE,1,Flandre
2547,11025,LINT,1,Flandre
2550,11024,KONTICH,1,Flandre
2560,12026,NIJLEN,1,Flandre
2570,12009,DUFFEL,1,Flandre
2580,12029,PUTTE,1,Flandre
2590,12002,BERLAAR,1,Flandre
2600,11002,ANVERS,1,Flandre
2610,11002,ANVERS,1,Flandre
2620,11018,HEMIKSEM,1,Flandre
2627,11038,SCHELLE,1,Flandre
2630,11001,AARTSELAAR,1,Flandre
2640,11029,MORTSEL,1,Flandre
2650,11013,EDEGEM,1,Flandre
2660,11002,ANVERS,1,Flandre
2800,12025,MALINES,1,Flandre
2801,12025,MALINES,1,Flandre
2811,12025,MALINES,1,Flandre
2812,12025,MALINES,1,Flandre
2820,12005,BONHEIDEN,1,Flandre
2830,12040,WILLEBROEK,1,Flandre
2840,11037,RUMST,1,Flandre
2845,11030,NIEL,1,Flandre
2850,11005,BOOM,1,Flandre
2860,12035,SINT-KATELIJNE-WAVER,1,Flandre
2861,12035,SINT-KATELIJNE-WAVER,1,Flandre
2870,12030,PUURS,1,Flandre
2880,12007,BORNEM,1,Flandre
2890,12034,SINT-AMANDS,1,Flandre
2900,11040,SCHOTEN,1,Flandre
2910,11016,ESSEN,1,Flandre
2920,11022,KALMTHOUT,1,Flandre
2930,11008,BRASSCHAAT,1,Flandre
2940,11044,STABROEK,1,Flandre
2950,11023,KAPELLEN,1,Flandre
2960,11009,BRECHT,1,Flandre
2970,11039,SCHILDE,1,Flandre
2980,11055,ZOERSEL,1,Flandre
2990,11053,WUUSTWEZEL,1,Flandre
3000,24062,LOUVAIN,1,Flandre
3001,24062,LOUVAIN,1,Flandre
3010,24062,LOUVAIN,1,Flandre
3012,24062,LOUVAIN,1,Flandre
3018,24062,LOUVAIN,1,Flandre
3020,24038,HERENT,1,Flandre
3040,24045,HULDENBERG,1,Flandre
3050,24086,OUD-HEVERLEE,1,Flandre
3051,24086,OUD-HEVERLEE,1,Flandre
3052,24086,OUD-HEVERLEE,1,Flandre
3053,24086,OUD-HEVERLEE,1,Flandre
3054,24086,OUD-HEVERLEE,1,Flandre
3060,24009,BERTEM,1,Flandre
3061,24009,BERTEM,1,Flandre
3070,24055,KORTENBERG,1,Flandre
3071,24055,KORTENBERG,1,Flandre
3078,24055,KORTENBERG,1,Flandre
3080,24104,TERVUREN,1,Flandre
3090,23062,OVERIJSE,1,Flandre
3110,24094,ROTSELAAR,1,Flandre
3111,24094,ROTSELAAR,1,Flandre
3118,24094,ROTSELAAR,1,Flandre
3120,24109,TREMELO,1,Flandre
3128,24109,TREMELO,1,Flandre
3130,24007,BEGIJNENDIJK,1,Flandre
3140,24048,KEERBERGEN,1,Flandre
3150,24033,HAACHT,1,Flandre
3190,24014,BOORTMEERBEEK,1,Flandre
3191,24014,BOORTMEERBEEK,1,Flandre
3200,24001,AARSCHOT,1,Flandre
3201,24001,AARSCHOT,1,Flandre
3202,24001,AARSCHOT,1,Flandre
3210,24066,LUBBEEK,1,Flandre
3211,24066,LUBBEEK,1,Flandre
3212,24066,LUBBEEK,1,Flandre
3220,24043,HOLSBEEK,1,Flandre
3221,24043,HOLSBEEK,1,Flandre
3270,24134,MONTAIGU-ZICHEM,1,Flandre
3271,24134,MONTAIGU-ZICHEM,1,Flandre
3272,24134,MONTAIGU-ZICHEM,1,Flandre
3290,24020,DIEST,1,Flandre
3293,24020,DIEST,1,Flandre
3294,24020,DIEST,1,Flandre
3300,24107,TIRLEMONT,1,Flandre
3320,24041,HOEGAARDEN,1,Flandre
3321,24041,HOEGAARDEN,1,Flandre
3350,24133,LINTER,1,Flandre
3360,24011,BIERBEEK,1,Flandre
3370,24016,BOUTERSEM,1,Flandre
3380,24137,GLABBEEK,1,Flandre
3381,24137,GLABBEEK,1,Flandre
3384,24137,GLABBEEK,1,Flandre
3390,24135,TIELT-WINGE,1,Flandre
3391,24135,TIELT-WINGE,1,Flandre
3400,24059,LANDEN,1,Flandre
3401,24059,LANDEN,1,Flandre
3404,24059,LANDEN,1,Flandre
3440,24130,LEAU,1,Flandre
3450,24028,GEETBETS,1,Flandre
3454,24028,GEETBETS,1,Flandre
3460,24008,BEKKEVOORT,1,Flandre
3461,24008,BEKKEVOORT,1,Flandre
3470,24054,KORTENAKEN,1,Flandre
3471,24054,KORTENAKEN,1,Flandre
3472,24054,KORTENAKEN,1,Flandre
3473,24054,KORTENAKEN,1,Flandre
3500,71022,HASSELT,1,Flandre
3501,71022,HASSELT,1,Flandre
3510,71022,HASSELT,1,Flandre
3511,71022,HASSELT,1,Flandre
3512,71022,HASSELT,1,Flandre
3520,71066,ZONHOVEN,1,Flandre
3530,72039,HOUTHALEN-HELCHTEREN,1,Flandre
3540,71024,HERCK-LA-VILLE,1,Flandre
3545,71020,HALEN,1,Flandre
3550,71070,HEUSDEN-ZOLDER,1,Flandre
3560,71037,LUMMEN,1,Flandre
3570,73001,ALKEN,1,Flandre
3580,71004,BERINGEN,1,Flandre
3581,71004,BERINGEN,1,Flandre
3582,71004,BERINGEN,1,Flandre
3583,71004,BERINGEN,1,Flandre
3590,71011,DIEPENBEEK,1,Flandre
3600,71016,GENK,1,Flandre
3620,73042,LANAKEN,1,Flandre
3621,73042,LANAKEN,1,Flandre
3630,73107,MAASMECHELEN,1,Flandre
3631,73107,MAASMECHELEN,1,Flandre
3640,72018,KINROOI,1,Flandre
3650,72041,DILSEN-STOKKEM,1,Flandre
3660,71047,OPGLABBEEK,1,Flandre
3665,71002,AS,1,Flandre
3668,71002,AS,1,Flandre
3670,72040,MEEUWEN-GRUITRODE,1,Flandre
3680,72021,MAASEIK,1,Flandre
3690,71067,ZUTENDAAL,1,Flandre
3700,73083,TONGRES,1,Flandre
3717,73028,HERSTAPPE,1,Flandre
3720,73040,KORTESSEM,1,Flandre
3721,73040,KORTESSEM,1,Flandre
3722,73040,KORTESSEM,1,Flandre
3723,73040,KORTESSEM,1,Flandre
3724,73040,KORTESSEM,1,Flandre
3730,73032,HOESELT,1,Flandre
3732,73032,HOESELT,1,Flandre
3740,73006,BILZEN,1,Flandre
3742,73006,BILZEN,1,Flandre
3746,73006,BILZEN,1,Flandre
3770,73066,RIEMST,1,Flandre
3790,73109,FOURONS,1,Flandre
3791,73109,FOURONS,1,Flandre
3792,73109,FOURONS,1,Flandre
3793,73109,FOURONS,1,Flandre
3798,73109,FOURONS,1,Flandre
3800,71053,SAINT-TROND,1,Flandre
3803,71053,SAINT-TROND,1,Flandre
3806,71053,SAINT-TROND,1,Flandre
3830,73098,WELLEN,1,Flandre
3831,73098,WELLEN,1,Flandre
3832,73098,WELLEN,1,Flandre
3840,73009,LOOZ,1,Flandre
3850,71045,NIEUWERKERKEN,1,Flandre
3870,73022,HEERS,1,Flandre
3890,71017,GINGELOM,1,Flandre
3891,71017,GINGELOM,1,Flandre
3900,72029,OVERPELT,1,Flandre
3910,72025,NEERPELT,1,Flandre
3920,72020,LOMMEL,1,Flandre
3930,72037,HAMONT-ACHEL,1,Flandre
3940,72038,HECHTEL-EKSEL,1,Flandre
3941,72038,HECHTEL-EKSEL,1,Flandre
3945,71069,HAM,1,Flandre
3950,72003,BOCHOLT,1,Flandre
3960,72004,BREE,1,Flandre
3970,71034,BOURG-LEOPOLD,1,Flandre
3971,71034,BOURG-LEOPOLD,1,Flandre
3980,71057,TESSENDERLO,1,Flandre
3990,72030,PEER,1,Flandre
4000,62063,LIEGE,2,Wallonie
4020,62063,LIEGE,2,Wallonie
4030,62063,LIEGE,2,Wallonie
4031,62063,LIEGE,2,Wallonie
4032,62063,LIEGE,2,Wallonie
4040,62051,HERSTAL,2,Wallonie
4041,62051,HERSTAL,2,Wallonie
4042,62051,HERSTAL,2,Wallonie
4050,62022,CHAUDFONTAINE,2,Wallonie
4051,62022,CHAUDFONTAINE,2,Wallonie
4052,62022,CHAUDFONTAINE,2,Wallonie
4053,62022,CHAUDFONTAINE,2,Wallonie
4100,62096,SERAING,2,Wallonie
4101,62096,SERAING,2,Wallonie
4102,62096,SERAING,2,Wallonie
4120,62121,NEUPRE,2,Wallonie
4121,62121,NEUPRE,2,Wallonie
4122,62121,NEUPRE,2,Wallonie
4130,62032,ESNEUX,2,Wallonie
4140,62100,SPRIMONT,2,Wallonie
4141,62100,SPRIMONT,2,Wallonie
4160,61079,ANTHISNES,2,Wallonie
4161,61079,ANTHISNES,2,Wallonie
4162,61079,ANTHISNES,2,Wallonie
4163,61079,ANTHISNES,2,Wallonie
4170,62026,COMBLAIN-AU-PONT,2,Wallonie
4171,62026,COMBLAIN-AU-PONT,2,Wallonie
4180,61024,HAMOIR,2,Wallonie
4181,61024,HAMOIR,2,Wallonie
4190,61019,FERRIERES,2,Wallonie
4210,61010,BURDINNE,2,Wallonie
4217,61028,HERON,2,Wallonie
4218,61028,HERON,2,Wallonie
4219,64075,WASSEIGES,2,Wallonie
4250,64029,GEER,2,Wallonie
4252,64029,GEER,2,Wallonie
4253,64029,GEER,2,Wallonie
4254,64029,GEER,2,Wallonie
4257,64008,BERLOZ,2,Wallonie
4260,64015,BRAIVES,2,Wallonie
4261,64015,BRAIVES,2,Wallonie
4263,64015,BRAIVES,2,Wallonie
4280,64034,HANNUT,2,Wallonie
4287,64047,LINCENT,2,Wallonie
4300,64074,WAREMME,2,Wallonie
4317,64076,FAIMES,2,Wallonie
4340,62006,AWANS,2,Wallonie
4342,62006,AWANS,2,Wallonie
4347,64025,FEXHE-LE-HAUT-CLOCHER,2,Wallonie
4350,64063,REMICOURT,2,Wallonie
4351,64063,REMICOURT,2,Wallonie
4357,64023,DONCEEL,2,Wallonie
4360,64056,OREYE,2,Wallonie
4367,64021,CRISNEE,2,Wallonie
4400,62120,FLEMALLE,2,Wallonie
4420,62093,SAINT-NICOLAS,2,Wallonie
4430,62003,ANS,2,Wallonie
4431,62003,ANS,2,Wallonie
4432,62003,ANS,2,Wallonie
4450,62060,JUPRELLE,2,Wallonie
4451,62060,JUPRELLE,2,Wallonie
4452,62060,JUPRELLE,2,Wallonie
4453,62060,JUPRELLE,2,Wallonie
4458,62060,JUPRELLE,2,Wallonie
4460,62118,GRACE-HOLLOGNE,2,Wallonie
4470,64065,SAINT-GEORGES-SUR-MEUSE,2,Wallonie
4480,61080,ENGIS,2,Wallonie
4500,61031,HUY,2,Wallonie
4520,61072,WANZE,2,Wallonie
4530,61068,VILLERS-LE-BOUILLET,2,Wallonie
4537,61063,VERLAINE,2,Wallonie
4540,61003,AMAY,2,Wallonie
4550,61043,NANDRIN,2,Wallonie
4557,61081,TINLOT,2,Wallonie
4560,61012,CLAVIER,2,Wallonie
4570,61039,MARCHIN,2,Wallonie
4577,61041,MODAVE,2,Wallonie
4590,61048,OUFFET,2,Wallonie
4600,62108,VISE,2,Wallonie
4601,62108,VISE,2,Wallonie
4602,62108,VISE,2,Wallonie
4606,62027,DALHEM,2,Wallonie
4607,62027,DALHEM,2,Wallonie
4608,62027,DALHEM,2,Wallonie
4610,62015,BEYNE-HEUSAY,2,Wallonie
4620,62038,FLERON,2,Wallonie
4621,62038,FLERON,2,Wallonie
4623,62038,FLERON,2,Wallonie
4624,62038,FLERON,2,Wallonie
4630,62099,SOUMAGNE,2,Wallonie
4631,62099,SOUMAGNE,2,Wallonie
4632,62099,SOUMAGNE,2,Wallonie
4633,62099,SOUMAGNE,2,Wallonie
4650,63035,HERVE,2,Wallonie
4651,63035,HERVE,2,Wallonie
4652,63035,HERVE,2,Wallonie
4653,63035,HERVE,2,Wallonie
4654,63035,HERVE,2,Wallonie
4670,62119,BLEGNY,2,Wallonie
4671,62119,BLEGNY,2,Wallonie
4672,62119,BLEGNY,2,Wallonie
4680,62079,OUPEYE,2,Wallonie
4681,62079,OUPEYE,2,Wallonie
4682,62079,OUPEYE,2,Wallonie
4683,62079,OUPEYE,2,Wallonie
4684,62079,OUPEYE,2,Wallonie
4690,62011,BASSENGE,2,Wallonie
4700,63023,EUPEN,2,Wallonie
4701,63023,EUPEN,2,Wallonie
4710,63048,LONTZEN,2,Wallonie
4711,63048,LONTZEN,2,Wallonie
4720,63040,LA CALAMINE,2,Wallonie
4721,63040,LA CALAMINE,2,Wallonie
4728,63040,LA CALAMINE,2,Wallonie
4730,63061,RAEREN,2,Wallonie
4731,63061,RAEREN,2,Wallonie
4750,63013,BUTGENBACH,2,Wallonie
4760,63012,BULLANGE,2,Wallonie
4761,63012,BULLANGE,2,Wallonie
4770,63001,AMBLEVE,2,Wallonie
4771,63001,AMBLEVE,2,Wallonie
4780,63067,SAINT-VITH,2,Wallonie
4782,63067,SAINT-VITH,2,Wallonie
4783,63067,SAINT-VITH,2,Wallonie
4784,63067,SAINT-VITH,2,Wallonie
4790,63087,BURG-REULAND,2,Wallonie
4791,63087,BURG-REULAND,2,Wallonie
4800,63079,VERVIERS,2,Wallonie
4801,63079,VERVIERS,2,Wallonie
4802,63079,VERVIERS,2,Wallonie
4820,63020,DISON,2,Wallonie
4821,63020,DISON,2,Wallonie
4830,63046,LIMBOURG,2,Wallonie
4831,63046,LIMBOURG,2,Wallonie
4834,63046,LIMBOURG,2,Wallonie
4837,63004,BAELEN,2,Wallonie
4840,63084,WELKENRAEDT,2,Wallonie
4841,63084,WELKENRAEDT,2,Wallonie
4845,63038,JALHAY,2,Wallonie
4850,63088,PLOMBIERES,2,Wallonie
4851,63088,PLOMBIERES,2,Wallonie
4852,63088,PLOMBIERES,2,Wallonie
4860,63058,PEPINSTER,2,Wallonie
4861,63058,PEPINSTER,2,Wallonie
4870,62122,TROOZ,2,Wallonie
4877,63057,OLNE,2,Wallonie
4880,63003,AUBEL,2,Wallonie
4890,63089,THIMISTER-CLERMONT,2,Wallonie
4900,63072,SPA,2,Wallonie
4910,63076,THEUX,2,Wallonie
4920,62009,AYWAILLE,2,Wallonie
4950,63080,WAIMES,2,Wallonie
4960,63049,MALMEDY,2,Wallonie
4970,63073,STAVELOT,2,Wallonie
4980,63086,TROIS-PONTS,2,Wallonie
4983,63086,TROIS-PONTS,2,Wallonie
4987,63075,STOUMONT,2,Wallonie
4990,63045,LIERNEUX,2,Wallonie
5000,92094,NAMUR,2,Wallonie
5001,92094,NAMUR,2,Wallonie
5002,92094,NAMUR,2,Wallonie
5003,92094,NAMUR,2,Wallonie
5004,92094,NAMUR,2,Wallonie
5020,92094,NAMUR,2,Wallonie
5021,92094,NAMUR,2,Wallonie
5022,92094,NAMUR,2,Wallonie
5024,92094,NAMUR,2,Wallonie
5030,92142,GEMBLOUX,2,Wallonie
5031,92142,GEMBLOUX,2,Wallonie
5032,92142,GEMBLOUX,2,Wallonie
5060,92137,SAMBREVILLE,2,Wallonie
5070,92048,FOSSES-LA-VILLE,2,Wallonie
5080,92141,LA BRUYERE,2,Wallonie
5081,92141,LA BRUYERE,2,Wallonie
5100,92094,NAMUR,2,Wallonie
5101,92094,NAMUR,2,Wallonie
5140,92114,SOMBREFFE,2,Wallonie
5150,92045,FLOREFFE,2,Wallonie
5170,92101,PROFONDEVILLE,2,Wallonie
5190,92140,JEMEPPE-SUR-SAMBRE,2,Wallonie
5300,92003,ANDENNE,2,Wallonie
5310,92035,EGHEZEE,2,Wallonie
5330,92006,ASSESSE,2,Wallonie
5332,92006,ASSESSE,2,Wallonie
5333,92006,ASSESSE,2,Wallonie
5334,92006,ASSESSE,2,Wallonie
5336,92006,ASSESSE,2,Wallonie
5340,92054,GESVES,2,Wallonie
5350,92097,OHEY,2,Wallonie
5351,92097,OHEY,2,Wallonie
5352,92097,OHEY,2,Wallonie
5353,92097,OHEY,2,Wallonie
5354,92097,OHEY,2,Wallonie
5360,91059,HAMOIS,2,Wallonie
5361,91059,HAMOIS,2,Wallonie
5362,91059,HAMOIS,2,Wallonie
5363,91059,HAMOIS,2,Wallonie
5364,91059,HAMOIS,2,Wallonie
5370,91064,HAVELANGE,2,Wallonie
5372,91064,HAVELANGE,2,Wallonie
5374,91064,HAVELANGE,2,Wallonie
5376,91064,HAVELANGE,2,Wallonie
5377,91120,SOMME-LEUZE,2,Wallonie
5380,92138,FERNELMONT,2,Wallonie
5500,91034,DINANT,2,Wallonie
5501,91034,DINANT,2,Wallonie
5502,91034,DINANT,2,Wallonie
5503,91034,DINANT,2,Wallonie
5504,91034,DINANT,2,Wallonie
5520,91103,ONHAYE,2,Wallonie
5521,91103,ONHAYE,2,Wallonie
5522,91103,ONHAYE,2,Wallonie
5523,91103,ONHAYE,2,Wallonie
5524,91103,ONHAYE,2,Wallonie
5530,91141,YVOIR,2,Wallonie
5537,91005,ANHEE,2,Wallonie
5540,91142,HASTIERE,2,Wallonie
5541,91142,HASTIERE,2,Wallonie
5542,91142,HASTIERE,2,Wallonie
5543,91142,HASTIERE,2,Wallonie
5544,91142,HASTIERE,2,Wallonie
5550,91143,VRESSE-SUR-SEMOIS,2,Wallonie
5555,91015,BIEVRE,2,Wallonie
5560,91072,HOUYET,2,Wallonie
5561,91072,HOUYET,2,Wallonie
5562,91072,HOUYET,2,Wallonie
5563,91072,HOUYET,2,Wallonie
5564,91072,HOUYET,2,Wallonie
5570,91013,BEAURAING,2,Wallonie
5571,91013,BEAURAING,2,Wallonie
5572,91013,BEAURAING,2,Wallonie
5573,91013,BEAURAING,2,Wallonie
5574,91013,BEAURAING,2,Wallonie
5575,91054,GEDINNE,2,Wallonie
5576,91013,BEAURAING,2,Wallonie
5580,91114,ROCHEFORT,2,Wallonie
5590,91030,CINEY,2,Wallonie
5600,93056,PHILIPPEVILLE,2,Wallonie
5620,93022,FLORENNES,2,Wallonie
5621,93022,FLORENNES,2,Wallonie
5630,93010,CERFONTAINE,2,Wallonie
5640,92087,METTET,2,Wallonie
5641,92087,METTET,2,Wallonie
5644,92087,METTET,2,Wallonie
5646,92087,METTET,2,Wallonie
5650,93088,WALCOURT,2,Wallonie
5651,93088,WALCOURT,2,Wallonie
5660,93014,COUVIN,2,Wallonie
5670,93090,VIROINVAL,2,Wallonie
5680,93018,DOISCHE,2,Wallonie
6000,52011,CHARLEROI,2,Wallonie
6001,52011,CHARLEROI,2,Wallonie
6010,52011,CHARLEROI,2,Wallonie
6020,52011,CHARLEROI,2,Wallonie
6030,52011,CHARLEROI,2,Wallonie
6031,52011,CHARLEROI,2,Wallonie
6032,52011,CHARLEROI,2,Wallonie
6040,52011,CHARLEROI,2,Wallonie
6041,52011,CHARLEROI,2,Wallonie
6042,52011,CHARLEROI,2,Wallonie
6043,52011,CHARLEROI,2,Wallonie
6044,52011,CHARLEROI,2,Wallonie
6060,52011,CHARLEROI,2,Wallonie
6061,52011,CHARLEROI,2,Wallonie
6110,52048,MONTIGNY-LE-TILLEUL,2,Wallonie
6111,52048,MONTIGNY-LE-TILLEUL,2,Wallonie
6120,56086,HAM-SUR-HEURE-NALINNES,2,Wallonie
6140,52022,FONTAINE-L£EVEQUE,2,Wallonie
6141,52022,FONTAINE-L£EVEQUE,2,Wallonie
6142,52022,FONTAINE-L£EVEQUE,2,Wallonie
6150,56001,ANDERLUES,2,Wallonie
6180,52015,COURCELLES,2,Wallonie
6181,52015,COURCELLES,2,Wallonie
6182,52015,COURCELLES,2,Wallonie
6183,52015,COURCELLES,2,Wallonie
6200,52012,CHATELET,2,Wallonie
6210,52075,LES BONS VILLERS,2,Wallonie
6211,52075,LES BONS VILLERS,2,Wallonie
6220,52021,FLEURUS,2,Wallonie
6221,52021,FLEURUS,2,Wallonie
6222,52021,FLEURUS,2,Wallonie
6223,52021,FLEURUS,2,Wallonie
6224,52021,FLEURUS,2,Wallonie
6230,52055,PONT-A-CELLES,2,Wallonie
6238,52055,PONT-A-CELLES,2,Wallonie
6240,52018,FARCIENNES,2,Wallonie
6250,52074,AISEAU-PRESLES,2,Wallonie
6280,52025,GERPINNES,2,Wallonie
6440,56029,FROID-CHAPELLE,2,Wallonie
6441,56029,FROID-CHAPELLE,2,Wallonie
6460,56016,CHIMAY,2,Wallonie
6461,56016,CHIMAY,2,Wallonie
6462,56016,CHIMAY,2,Wallonie
6463,56016,CHIMAY,2,Wallonie
6464,56016,CHIMAY,2,Wallonie
6470,56088,SIVRY-RANCE,2,Wallonie
6500,56005,BEAUMONT,2,Wallonie
6511,56005,BEAUMONT,2,Wallonie
6530,56078,THUIN,2,Wallonie
6531,56078,THUIN,2,Wallonie
6532,56078,THUIN,2,Wallonie
6533,56078,THUIN,2,Wallonie
6534,56078,THUIN,2,Wallonie
6536,56078,THUIN,2,Wallonie
6540,56044,LOBBES,2,Wallonie
6542,56044,LOBBES,2,Wallonie
6543,56044,LOBBES,2,Wallonie
6560,56022,ERQUELINNES,2,Wallonie
6567,56049,MERBES-LE-CHATEAU,2,Wallonie
6590,56051,MOMIGNIES,2,Wallonie
6591,56051,MOMIGNIES,2,Wallonie
6592,56051,MOMIGNIES,2,Wallonie
6593,56051,MOMIGNIES,2,Wallonie
6594,56051,MOMIGNIES,2,Wallonie
6596,56051,MOMIGNIES,2,Wallonie
6600,82003,BASTOGNE,2,Wallonie
6630,81013,MARTELANGE,2,Wallonie
6637,82009,FAUVILLERS,2,Wallonie
6640,82036,VAUX-SUR-SURE,2,Wallonie
6642,82036,VAUX-SUR-SURE,2,Wallonie
6660,82014,HOUFFALIZE,2,Wallonie
6661,82014,HOUFFALIZE,2,Wallonie
6662,82014,HOUFFALIZE,2,Wallonie
6663,82014,HOUFFALIZE,2,Wallonie
6666,82014,HOUFFALIZE,2,Wallonie
6670,82037,GOUVY,2,Wallonie
6671,82037,GOUVY,2,Wallonie
6672,82037,GOUVY,2,Wallonie
6673,82037,GOUVY,2,Wallonie
6674,82037,GOUVY,2,Wallonie
6680,82038,SAINTE-ODE,2,Wallonie
6681,82038,SAINTE-ODE,2,Wallonie
6686,82005,BERTOGNE,2,Wallonie
6687,82005,BERTOGNE,2,Wallonie
6688,82005,BERTOGNE,2,Wallonie
6690,82032,VIELSALM,2,Wallonie
6692,82032,VIELSALM,2,Wallonie
6698,82032,VIELSALM,2,Wallonie
6700,81001,ARLON,2,Wallonie
6704,81001,ARLON,2,Wallonie
6706,81001,ARLON,2,Wallonie
6717,81003,ATTERT,2,Wallonie
6720,85046,HABAY,2,Wallonie
6721,85046,HABAY,2,Wallonie
6723,85046,HABAY,2,Wallonie
6724,85046,HABAY,2,Wallonie
6730,85039,TINTIGNY,2,Wallonie
6740,85009,ETALLE,2,Wallonie
6741,85009,ETALLE,2,Wallonie
6742,85009,ETALLE,2,Wallonie
6743,85009,ETALLE,2,Wallonie
6747,85034,SAINT-LEGER,2,Wallonie
6750,85026,MUSSON,2,Wallonie
6760,85045,VIRTON,2,Wallonie
6761,85045,VIRTON,2,Wallonie
6762,85045,VIRTON,2,Wallonie
6767,85047,ROUVROY,2,Wallonie
6769,85024,MEIX-DEVANT-VIRTON,2,Wallonie
6780,81015,MESSANCY,2,Wallonie
6781,81015,MESSANCY,2,Wallonie
6782,81015,MESSANCY,2,Wallonie
6790,81004,AUBANGE,2,Wallonie
6791,81004,AUBANGE,2,Wallonie
6792,81004,AUBANGE,2,Wallonie
6800,84077,LIBRAMONT-CHEVIGNY,2,Wallonie
6810,85007,CHINY,2,Wallonie
6811,85007,CHINY,2,Wallonie
6812,85007,CHINY,2,Wallonie
6813,85007,CHINY,2,Wallonie
6820,85011,FLORENVILLE,2,Wallonie
6821,85011,FLORENVILLE,2,Wallonie
6823,85011,FLORENVILLE,2,Wallonie
6824,85011,FLORENVILLE,2,Wallonie
6830,84010,BOUILLON,2,Wallonie
6831,84010,BOUILLON,2,Wallonie
6832,84010,BOUILLON,2,Wallonie
6833,84010,BOUILLON,2,Wallonie
6834,84010,BOUILLON,2,Wallonie
6836,84010,BOUILLON,2,Wallonie
6838,84010,BOUILLON,2,Wallonie
6840,84043,NEUFCHATEAU,2,Wallonie
6850,84050,PALISEUL,2,Wallonie
6851,84050,PALISEUL,2,Wallonie
6852,84050,PALISEUL,2,Wallonie
6853,84050,PALISEUL,2,Wallonie
6856,84050,PALISEUL,2,Wallonie
6860,84033,LEGLISE,2,Wallonie
6870,84059,SAINT-HUBERT,2,Wallonie
6880,84009,BERTRIX,2,Wallonie
6887,84029,HERBEUMONT,2,Wallonie
6890,84035,LIBIN,2,Wallonie
6900,83034,MARCHE-EN-FAMENNE,2,Wallonie
6920,84075,WELLIN,2,Wallonie
6921,84075,WELLIN,2,Wallonie
6922,84075,WELLIN,2,Wallonie
6924,84075,WELLIN,2,Wallonie
6927,84068,TELLIN,2,Wallonie
6929,84016,DAVERDISSE,2,Wallonie
6940,83012,DURBUY,2,Wallonie
6941,83012,DURBUY,2,Wallonie
6950,83040,NASSOGNE,2,Wallonie
6951,83040,NASSOGNE,2,Wallonie
6952,83040,NASSOGNE,2,Wallonie
6953,83040,NASSOGNE,2,Wallonie
6960,83055,MANHAY,2,Wallonie
6970,83049,TENNEVILLE,2,Wallonie
6971,83049,TENNEVILLE,2,Wallonie
6972,83049,TENNEVILLE,2,Wallonie
6980,83031,LA-ROCHE-EN-ARDENNE,2,Wallonie
6982,83031,LA-ROCHE-EN-ARDENNE,2,Wallonie
6983,83031,LA-ROCHE-EN-ARDENNE,2,Wallonie
6984,83031,LA-ROCHE-EN-ARDENNE,2,Wallonie
6986,83031,LA-ROCHE-EN-ARDENNE,2,Wallonie
6987,83044,RENDEUX,2,Wallonie
6990,83028,HOTTON,2,Wallonie
6997,83013,EREZEE,2,Wallonie
7000,53053,MONS,2,Wallonie
7010,53053,MONS,2,Wallonie
7011,53053,MONS,2,Wallonie
7012,53053,MONS,2,Wallonie
7020,53053,MONS,2,Wallonie
7021,53053,MONS,2,Wallonie
7022,53053,MONS,2,Wallonie
7024,53053,MONS,2,Wallonie
7030,53053,MONS,2,Wallonie
7031,53053,MONS,2,Wallonie
7032,53053,MONS,2,Wallonie
7033,53053,MONS,2,Wallonie
7034,53053,MONS,2,Wallonie
7040,53084,QUEVY,2,Wallonie
7041,53084,QUEVY,2,Wallonie
7050,53044,JURBISE,2,Wallonie
7060,55040,SOIGNIES,2,Wallonie
7061,55040,SOIGNIES,2,Wallonie
7062,55040,SOIGNIES,2,Wallonie
7063,55040,SOIGNIES,2,Wallonie
7070,55035,LE ROEULX,2,Wallonie
7080,53028,FRAMERIES,2,Wallonie
7090,55004,BRAINE-LE-COMTE,2,Wallonie
7100,55022,LA LOUVIERE,2,Wallonie
7110,55022,LA LOUVIERE,2,Wallonie
7120,56085,ESTINNES,2,Wallonie
7130,56011,BINCHE,2,Wallonie
7131,56011,BINCHE,2,Wallonie
7133,56011,BINCHE,2,Wallonie
7134,56011,BINCHE,2,Wallonie
7140,56087,MORLANWELZ,2,Wallonie
7141,56087,MORLANWELZ,2,Wallonie
7160,52010,CHAPELLE-LEZ-HERLAIMONT,2,Wallonie
7170,52043,MANAGE,2,Wallonie
7180,52063,SENEFFE,2,Wallonie
7181,52063,SENEFFE,2,Wallonie
7190,55050,ECAUSSINES,2,Wallonie
7191,55050,ECAUSSINES,2,Wallonie
7300,53014,BOUSSU,2,Wallonie
7301,53014,BOUSSU,2,Wallonie
7320,51009,BERNISSART,2,Wallonie
7321,51009,BERNISSART,2,Wallonie
7322,51009,BERNISSART,2,Wallonie
7330,53070,SAINT-GHISLAIN,2,Wallonie
7331,53070,SAINT-GHISLAIN,2,Wallonie
7332,53070,SAINT-GHISLAIN,2,Wallonie
7333,53070,SAINT-GHISLAIN,2,Wallonie
7334,53070,SAINT-GHISLAIN,2,Wallonie
7340,53082,COLFONTAINE,2,Wallonie
7350,53039,HENSIES,2,Wallonie
7370,53020,DOUR,2,Wallonie
7380,53068,QUIEVRAIN,2,Wallonie
7382,53068,QUIEVRAIN,2,Wallonie
7387,53083,HONNELLES,2,Wallonie
7390,53065,QUAREGNON,2,Wallonie
7500,57081,TOURNAI,2,Wallonie
7501,57081,TOURNAI,2,Wallonie
7502,57081,TOURNAI,2,Wallonie
7503,57081,TOURNAI,2,Wallonie
7504,57081,TOURNAI,2,Wallonie
7506,57081,TOURNAI,2,Wallonie
7520,57081,TOURNAI,2,Wallonie
7521,57081,TOURNAI,2,Wallonie
7522,57081,TOURNAI,2,Wallonie
7530,57081,TOURNAI,2,Wallonie
7531,57081,TOURNAI,2,Wallonie
7532,57081,TOURNAI,2,Wallonie
7533,57081,TOURNAI,2,Wallonie
7534,57081,TOURNAI,2,Wallonie
7536,57081,TOURNAI,2,Wallonie
7538,57081,TOURNAI,2,Wallonie
7540,57081,TOURNAI,2,Wallonie
7542,57081,TOURNAI,2,Wallonie
7543,57081,TOURNAI,2,Wallonie
7548,57081,TOURNAI,2,Wallonie
7600,57064,PERUWELZ,2,Wallonie
7601,57064,PERUWELZ,2,Wallonie
7602,57064,PERUWELZ,2,Wallonie
7603,57064,PERUWELZ,2,Wallonie
7604,57064,PERUWELZ,2,Wallonie
7608,57064,PERUWELZ,2,Wallonie
7610,57072,RUMES,2,Wallonie
7611,57072,RUMES,2,Wallonie
7618,57072,RUMES,2,Wallonie
7620,57093,BRUNEHAUT,2,Wallonie
7621,57093,BRUNEHAUT,2,Wallonie
7622,57093,BRUNEHAUT,2,Wallonie
7623,57093,BRUNEHAUT,2,Wallonie
7624,57093,BRUNEHAUT,2,Wallonie
7640,57003,ANTOING,2,Wallonie
7641,57003,ANTOING,2,Wallonie
7642,57003,ANTOING,2,Wallonie
7643,57003,ANTOING,2,Wallonie
7700,54007,MOUSCRON,2,Wallonie
7711,54007,MOUSCRON,2,Wallonie
7712,54007,MOUSCRON,2,Wallonie
7730,57027,ESTAIMPUIS,2,Wallonie
7740,57062,PECQ,2,Wallonie
7742,57062,PECQ,2,Wallonie
7743,57062,PECQ,2,Wallonie
7750,57095,MONT-DE-L£ENCLUS,2,Wallonie
7760,57018,CELLES,2,Wallonie
7780,54010,COMINES-WARNETON,2,Wallonie
7781,54010,COMINES-WARNETON,2,Wallonie
7782,54010,COMINES-WARNETON,2,Wallonie
7783,54010,COMINES-WARNETON,2,Wallonie
7784,54010,COMINES-WARNETON,2,Wallonie
7800,51004,ATH,2,Wallonie
7801,51004,ATH,2,Wallonie
7802,51004,ATH,2,Wallonie
7803,51004,ATH,2,Wallonie
7804,51004,ATH,2,Wallonie
7810,51004,ATH,2,Wallonie
7811,51004,ATH,2,Wallonie
7812,51004,ATH,2,Wallonie
7822,51004,ATH,2,Wallonie
7823,51004,ATH,2,Wallonie
7830,55039,SILLY,2,Wallonie
7850,55010,ENGHIEN,2,Wallonie
7860,55023,LESSINES,2,Wallonie
7861,55023,LESSINES,2,Wallonie
7862,55023,LESSINES,2,Wallonie
7863,55023,LESSINES,2,Wallonie
7864,55023,LESSINES,2,Wallonie
7866,55023,LESSINES,2,Wallonie
7870,53046,LENS,2,Wallonie
7880,51019,FLOBECQ,2,Wallonie
7890,51017,ELLEZELLES,2,Wallonie
7900,57094,LEUZE-EN-HAINAUT,2,Wallonie
7901,57094,LEUZE-EN-HAINAUT,2,Wallonie
7903,57094,LEUZE-EN-HAINAUT,2,Wallonie
7904,57094,LEUZE-EN-HAINAUT,2,Wallonie
7906,57094,LEUZE-EN-HAINAUT,2,Wallonie
7910,51065,FRASNES-LEZ-ANVAING,2,Wallonie
7911,51065,FRASNES-LEZ-ANVAING,2,Wallonie
7912,51065,FRASNES-LEZ-ANVAING,2,Wallonie
7940,51012,BRUGELETTE,2,Wallonie
7941,51012,BRUGELETTE,2,Wallonie
7942,51012,BRUGELETTE,2,Wallonie
7943,51012,BRUGELETTE,2,Wallonie
7950,51014,CHIEVRES,2,Wallonie
7951,51014,CHIEVRES,2,Wallonie
7970,51008,BELOEIL,2,Wallonie
7971,51008,BELOEIL,2,Wallonie
7972,51008,BELOEIL,2,Wallonie
7973,51008,BELOEIL,2,Wallonie
8000,31005,BRUGES,1,Flandre
8020,31022,OOSTKAMP,1,Flandre
8200,31005,BRUGES,1,Flandre
8210,31040,ZEDELGEM,1,Flandre
8211,31040,ZEDELGEM,1,Flandre
8300,31043,KNOKKE-HEIST,1,Flandre
8301,31043,KNOKKE-HEIST,1,Flandre
8310,31005,BRUGES,1,Flandre
8340,31006,DAMME,1,Flandre
8370,31004,BLANKENBERGE,1,Flandre
8377,31042,ZUIENKERKE,1,Flandre
8380,31005,BRUGES,1,Flandre
8400,35013,OSTENDE,1,Flandre
8420,35029,DE HAAN,1,Flandre
8421,35029,DE HAAN,1,Flandre
8430,35011,MIDDELKERKE,1,Flandre
8431,35011,MIDDELKERKE,1,Flandre
8432,35011,MIDDELKERKE,1,Flandre
8433,35011,MIDDELKERKE,1,Flandre
8434,35011,MIDDELKERKE,1,Flandre
8450,35002,BREDENE,1,Flandre
8460,35014,OUDENBURG,1,Flandre
8470,35005,GISTEL,1,Flandre
8480,35006,ICHTEGEM,1,Flandre
8490,31012,JABBEKE,1,Flandre
8500,34022,COURTRAI,1,Flandre
8501,34022,COURTRAI,1,Flandre
8510,34022,COURTRAI,1,Flandre
8511,34022,COURTRAI,1,Flandre
8520,34023,KUURNE,1,Flandre
8530,34013,HARELBEKE,1,Flandre
8531,34013,HARELBEKE,1,Flandre
8540,34009,DEERLIJK,1,Flandre
8550,34042,ZWEVEGEM,1,Flandre
8551,34042,ZWEVEGEM,1,Flandre
8552,34042,ZWEVEGEM,1,Flandre
8553,34042,ZWEVEGEM,1,Flandre
8554,34042,ZWEVEGEM,1,Flandre
8560,34041,WEVELGEM,1,Flandre
8570,34002,ANZEGEM,1,Flandre
8572,34002,ANZEGEM,1,Flandre
8573,34002,ANZEGEM,1,Flandre
8580,34003,AVELGEM,1,Flandre
8581,34003,AVELGEM,1,Flandre
8582,34003,AVELGEM,1,Flandre
8583,34003,AVELGEM,1,Flandre
8587,34043,ESPIERRES-HELCHIN,1,Flandre
8600,32003,DIXMUDE,1,Flandre
8610,32011,KORTEMARK,1,Flandre
8620,38016,NIEUPORT,1,Flandre
8630,38025,FURNES,1,Flandre
8640,33041,VLETEREN,1,Flandre
8647,32030,LO-RENINGE,1,Flandre
8650,32006,HOUTHULST,1,Flandre
8660,38008,LA PANNE,1,Flandre
8670,38014,KOKSIJDE,1,Flandre
8680,32010,KOEKELARE,1,Flandre
8690,38002,ALVERINGEM,1,Flandre
8691,38002,ALVERINGEM,1,Flandre
8700,37015,TIELT,1,Flandre
8710,37017,WIELSBEKE,1,Flandre
8720,37002,DENTERGEM,1,Flandre
8730,31003,BEERNEM,1,Flandre
8740,37011,PITTEM,1,Flandre
8750,37018,WINGENE,1,Flandre
8755,37012,RUISELEDE,1,Flandre
8760,37007,MEULEBEKE,1,Flandre
8770,36007,INGELMUNSTER,1,Flandre
8780,37010,OOSTROZEBEKE,1,Flandre
8790,34040,WAREGEM,1,Flandre
8791,34040,WAREGEM,1,Flandre
8792,34040,WAREGEM,1,Flandre
8793,34040,WAREGEM,1,Flandre
8800,36015,ROULERS,1,Flandre
8810,36011,LICHTERVELDE,1,Flandre
8820,31033,TORHOUT,1,Flandre
8830,36006,HOOGLEDE,1,Flandre
8840,36019,STADEN,1,Flandre
8850,37020,ARDOOIE,1,Flandre
8851,37020,ARDOOIE,1,Flandre
8860,34025,LENDELEDE,1,Flandre
8870,36008,IZEGEM,1,Flandre
8880,36010,LEDEGEM,1,Flandre
8890,36012,MOORSLEDE,1,Flandre
8900,33011,YPRES,1,Flandre
8902,33011,YPRES,1,Flandre
8904,33011,YPRES,1,Flandre
8906,33011,YPRES,1,Flandre
8908,33011,YPRES,1,Flandre
8920,33040,LANGEMARK-POELKAPELLE,1,Flandre
8930,34027,MENIN,1,Flandre
8940,33029,WERVIK,1,Flandre
8950,33039,HEUVELLAND,1,Flandre
8951,33039,HEUVELLAND,1,Flandre
8952,33039,HEUVELLAND,1,Flandre
8953,33039,HEUVELLAND,1,Flandre
8954,33039,HEUVELLAND,1,Flandre
8956,33039,HEUVELLAND,1,Flandre
8957,33016,MESSINES,1,Flandre
8958,33039,HEUVELLAND,1,Flandre
8970,33021,POPERINGE,1,Flandre
8972,33021,POPERINGE,1,Flandre
8978,33021,POPERINGE,1,Flandre
8980,33037,ZONNEBEKE,1,Flandre
9000,44021,GAND,1,Flandre
9030,44021,GAND,1,Flandre
9031,44021,GAND,1,Flandre
9032,44021,GAND,1,Flandre
9040,44021,GAND,1,Flandre
9041,44021,GAND,1,Flandre
9042,44021,GAND,1,Flandre
9050,44021,GAND,1,Flandre
9051,44021,GAND,1,Flandre
9052,44021,GAND,1,Flandre
9060,43018,ZELZATE,1,Flandre
9070,44013,DESTELBERGEN,1,Flandre
9080,44034,LOCHRISTI,1,Flandre
9090,44040,MELLE,1,Flandre
9100,46021,SAINT-NICOLAS,1,Flandre
9111,46021,SAINT-NICOLAS,1,Flandre
9112,46021,SAINT-NICOLAS,1,Flandre
9120,46003,BEVEREN,1,Flandre
9130,46003,BEVEREN,1,Flandre
9140,46025,TAMISE,1,Flandre
9150,46013,KRUIBEKE,1,Flandre
9160,46014,LOKEREN,1,Flandre
9170,46020,SINT-GILLIS-WAAS,1,Flandre
9180,44045,MOERBEKE,1,Flandre
9185,44073,WACHTEBEKE,1,Flandre
9190,46024,STEKENE,1,Flandre
9200,42006,TERMONDE,1,Flandre
9220,42008,HAMME,1,Flandre
9230,42025,WETTEREN,1,Flandre
9240,42028,ZELE,1,Flandre
9250,42023,WAASMUNSTER,1,Flandre
9255,42004,BUGGENHOUT,1,Flandre
9260,42026,WICHELEN,1,Flandre
9270,42010,LAARNE,1,Flandre
9280,42011,LEBBEKE,1,Flandre
9290,42003,BERLARE,1,Flandre
9300,41002,ALOST,1,Flandre
9308,41002,ALOST,1,Flandre
9310,41002,ALOST,1,Flandre
9320,41002,ALOST,1,Flandre
9340,41034,LEDE,1,Flandre
9400,41048,NINOVE,1,Flandre
9401,41048,NINOVE,1,Flandre
9402,41048,NINOVE,1,Flandre
9403,41048,NINOVE,1,Flandre
9404,41048,NINOVE,1,Flandre
9406,41048,NINOVE,1,Flandre
9420,41082,ERPE-MERE,1,Flandre
9450,41024,HAALTERT,1,Flandre
9451,41024,HAALTERT,1,Flandre
9470,41011,DENDERLEEUW,1,Flandre
9472,41011,DENDERLEEUW,1,Flandre
9473,41011,DENDERLEEUW,1,Flandre
9500,41018,GRAMMONT,1,Flandre
9506,41018,GRAMMONT,1,Flandre
9520,41063,SINT-LIEVENS-HOUTEM,1,Flandre
9521,41063,SINT-LIEVENS-HOUTEM,1,Flandre
9550,41027,HERZELE,1,Flandre
9551,41027,HERZELE,1,Flandre
9552,41027,HERZELE,1,Flandre
9570,45063,LIERDE,1,Flandre
9571,45063,LIERDE,1,Flandre
9572,45063,LIERDE,1,Flandre
9600,45041,RENAIX,1,Flandre
9620,41081,ZOTTEGEM,1,Flandre
9630,45065,ZWALM,1,Flandre
9636,45065,ZWALM,1,Flandre
9660,45059,BRAKEL,1,Flandre
9661,45059,BRAKEL,1,Flandre
9667,45062,HOREBEKE,1,Flandre
9680,45064,MAARKEDAL,1,Flandre
9681,45064,MAARKEDAL,1,Flandre
9688,45064,MAARKEDAL,1,Flandre
9690,45060,KLUISBERGEN,1,Flandre
9700,45035,AUDENARDE,1,Flandre
9750,45057,ZINGEM,1,Flandre
9770,45017,KRUISHOUTEM,1,Flandre
9771,45017,KRUISHOUTEM,1,Flandre
9772,45017,KRUISHOUTEM,1,Flandre
9790,45061,WORTEGEM-PETEGEM,1,Flandre
9800,44011,DEINZE,1,Flandre
9810,44048,NAZARETH,1,Flandre
9820,44043,MERELBEKE,1,Flandre
9830,44064,SINT-MARTENS-LATEM,1,Flandre
9831,44064,SINT-MARTENS-LATEM,1,Flandre
9840,44012,DE PINTE,1,Flandre
9850,44049,NEVELE,1,Flandre
9860,44052,OOSTERZELE,1,Flandre
9870,44081,ZULTE,1,Flandre
9880,44001,AALTER,1,Flandre
9881,44001,AALTER,1,Flandre
9890,44020,GAVERE,1,Flandre
9900,43005,EEKLO,1,Flandre
9910,44029,KNESSELARE,1,Flandre
9920,44036,LOVENDEGEM,1,Flandre
9921,44036,LOVENDEGEM,1,Flandre
9930,44080,ZOMERGEM,1,Flandre
9931,44080,ZOMERGEM,1,Flandre
9932,44080,ZOMERGEM,1,Flandre
9940,44019,EVERGEM,1,Flandre
9950,44072,WAARSCHOOT,1,Flandre
9960,43002,ASSENEDE,1,Flandre
9961,43002,ASSENEDE,1,Flandre
9968,43002,ASSENEDE,1,Flandre
9970,43007,KAPRIJKE,1,Flandre
9971,43007,KAPRIJKE,1,Flandre
9980,43014,SINT-LAUREINS,1,Flandre
9981,43014,SINT-LAUREINS,1,Flandre
9982,43014,SINT-LAUREINS,1,Flandre
9988,43014,SINT-LAUREINS,1,Flandre
9990,43010,MALDEGEM,1,Flandre
9991,43010,MALDEGEM,1,Flandre
9992,43010,MALDEGEM,1,Flandre
